codigo,descripcion,estado,red,tipo_trabajo,tipo_trabajo_codigo,cod_trabajo,tipo_rep,provincia,comarca,municipio,presupuesto,certificado,pendiente,fecha_inicio,fecha_fin,mes,año
OT-2024-0012,Trabajo 12 - Sin municipio,En curso,RED-MT-01,Órdenes de Trabajo,OT,CT-001,ATASCO,Bizkaia,Duranguesado,Sin municipio,38899.4,20540.08,18359.32,2024-01-11,,2024-01,2024
OT-2024-0015,Trabajo 15 - Sin municipio,Finalizado,RED-MT-01,Órdenes de Trabajo,OT,CT-004,FUGA,Bizkaia,Duranguesado,Sin municipio,20917.88,18578.8,2339.0800000000017,2024-09-11,2024-10-31,2024-09,2024
TP-2024-0028,Trabajo 28 - Valencia,En curso,RED-MT-01,Trabajos Programados,TP,CT-003,ATASCO,Valencia,Horta Nord,Valencia,9027.65,5331.57,3696.08,2024-04-10,2024-04-23,2024-04,2024
GF-2025-0031,Trabajo 31 - Sin municipio,En curso,RED-MT-01,Garantía y Fallos,GF,CT-005,OTROS,Girona,La Garrotxa,Sin municipio,27007.5,11965.46,15042.04,2025-02-23,,2025-02,2025
OT-2025-0033,Trabajo 33 - Sin municipio,Finalizado,RED-MT-01,Órdenes de Trabajo,OT,CT-002,FUGA,Bizkaia,Lea-Artibai,Sin municipio,10780.47,9187.52,1592.949999999999,2025-02-14,2025-03-04,2025-02,2025
GF-2024-0034,Trabajo 34 - Sin municipio,Pendiente,RED-MT-01,Garantía y Fallos,GF,CT-005,OTROS,Bizkaia,Duranguesado,Sin municipio,39363.83,0.0,39363.83,2024-08-04,,2024-08,2024
TP-2024-0051,Trabajo 51 - Sin municipio,En curso,RED-MT-01,Trabajos Programados,TP,CT-003,OTROS,Valencia,Horta Sud,Sin municipio,9936.01,4096.17,5839.84,2024-01-04,2024-02-15,2024-01,2024
OT-2025-0060,Trabajo 60 - Sin municipio,En curso,RED-MT-01,Órdenes de Trabajo,OT,CT-003,OTROS,Gipuzkoa,Urola Kosta,Sin municipio,7425.76,1957.1,5468.66,2025-09-18,2025-12-14,2025-09,2025
OT-2025-0063,Trabajo 63 - Sin municipio,Finalizado,RED-MT-01,Órdenes de Trabajo,OT,CT-001,ATASCO,Álava,Rioja Alavesa,Sin municipio,2097.56,2057.71,39.84999999999991,2025-06-29,2025-07-07,2025-06,2025
OT-2025-0066,Trabajo 66 - Madrid,Pendiente,RED-MT-01,Órdenes de Trabajo,OT,CT-004,OTROS,Madrid,Área Metropolitana,Madrid,36859.34,0.0,36859.34,2025-02-26,,2025-02,2025
OT-2024-0069,Trabajo 69 - Sin municipio,Finalizado,RED-MT-01,Órdenes de Trabajo,OT,CT-001,FUGA,Gipuzkoa,Tolosaldea,Sin municipio,27199.64,23787.46,3412.1800000000003,2024-05-22,2024-07-21,2024-05,2024
GF-2025-0076,Trabajo 76 - Barañain,Pendiente,RED-MT-01,Garantía y Fallos,GF,CT-001,ATASCO,Navarra,Cuenca de Pamplona,Barañain,16136.68,0.0,16136.68,2025-05-16,,2025-05,2025
GF-2025-0078,Trabajo 78 - Sin municipio,Finalizado,RED-MT-01,Garantía y Fallos,GF,CT-002,ATASCO,Girona,La Garrotxa,Sin municipio,24294.72,22548.1,1746.6200000000026,2025-08-12,2025-09-05,2025-08,2025
GF-2024-0090,Trabajo 90 - Madrid,Pendiente,RED-MT-01,Garantía y Fallos,GF,CT-005,FUGA,Madrid,Área Metropolitana,Madrid,39197.86,0.0,39197.86,2024-01-29,,2024-01,2024
GF-2025-0095,Trabajo 95 - Vitoria-Gasteiz,Finalizado,RED-MT-01,Garantía y Fallos,GF,CT-004,FUGA,Álava,Cuadrilla de Vitoria,Vitoria-Gasteiz,22771.32,20906.04,1865.2799999999988,2025-09-13,2025-11-04,2025-09,2025
OT-2025-0098,Trabajo 98 - Vitoria-Gasteiz,En curso,RED-MT-01,Órdenes de Trabajo,OT,CT-005,OTROS,Álava,Cuadrilla de Vitoria,Vitoria-Gasteiz,44506.19,17244.8,27261.390000000003,2025-04-27,2025-05-12,2025-04,2025
OT-2025-0100,Trabajo 100 - Sin municipio,En curso,RED-MT-01,Órdenes de Trabajo,OT,CT-004,ATASCO,Girona,La Selva,Sin municipio,45270.12,28134.04,17136.08,2025-06-02,2025-07-06,2025-06,2025
GF-2025-0105,Trabajo 105 - Sin municipio,Finalizado,RED-MT-01,Garantía y Fallos,GF,CT-003,OTROS,Gipuzkoa,Urola Kosta,Sin municipio,17698.02,16650.08,1047.9399999999987,2025-01-24,2025-02-09,2025-01,2025
GF-2025-0106,Trabajo 106 - Sin municipio,En curso,RED-MT-01,Garantía y Fallos,GF,CT-005,OTROS,Bizkaia,Lea-Artibai,Sin municipio,1823.29,528.05,1295.24,2025-05-23,2025-07-14,2025-05,2025
TP-2025-0112,Trabajo 112 - Barañain,En curso,RED-MT-01,Trabajos Programados,TP,CT-003,ATASCO,Navarra,Cuenca de Pamplona,Barañain,19952.47,12818.12,7134.35,2025-06-12,2025-07-18,2025-06,2025
GF-2025-0120,Trabajo 120 - Sin municipio,Finalizado,RED-MT-01,Garantía y Fallos,GF,CT-002,FUGA,Barcelona,Maresme,Sin municipio,9017.83,9322.55,-304.71999999999935,2025-06-25,2025-07-28,2025-06,2025
OT-2024-0132,Trabajo 132 - Cerdanyola del Vallès,Finalizado,RED-MT-01,Órdenes de Trabajo,OT,CT-005,ATASCO,Barcelona,Vallès Occidental,Cerdanyola del Vallès,25876.32,26397.51,-521.1899999999987,2024-09-02,2024-10-14,2024-09,2024
TP-2024-0133,Trabajo 133 - Sin municipio,Finalizado,RED-MT-01,Trabajos Programados,TP,CT-004,ATASCO,Álava,Rioja Alavesa,Sin municipio,17083.87,15060.41,2023.4599999999991,2024-03-23,2024-04-30,2024-03,2024
GF-2024-0135,Trabajo 135 - Errenteria,Pendiente,RED-MT-01,Garantía y Fallos,GF,CT-002,ATASCO,Gipuzkoa,Donostialdea,Errenteria,6081.86,0.0,6081.86,2024-06-26,,2024-06,2024
GF-2025-0136,Trabajo 136 - Sin municipio,En curso,RED-MT-01,Garantía y Fallos,GF,CT-004,ATASCO,Barcelona,Maresme,Sin municipio,32233.84,11251.11,20982.73,2025-10-24,,2025-10,2025
TP-2025-0138,Trabajo 138 - Sin municipio,En curso,RED-MT-01,Trabajos Programados,TP,CT-002,OTROS,Girona,La Selva,Sin municipio,11694.99,5032.13,6662.86,2025-06-18,,2025-06,2025
OT-2024-0146,Trabajo 146 - Vitoria-Gasteiz,Pendiente,RED-MT-01,Órdenes de Trabajo,OT,CT-004,OTROS,Álava,Cuadrilla de Vitoria,Vitoria-Gasteiz,48168.09,0.0,48168.09,2024-02-24,,2024-02,2024
OT-2025-0156,Trabajo 156 - Pamplona,Finalizado,RED-MT-01,Órdenes de Trabajo,OT,CT-002,FUGA,Navarra,Cuenca de Pamplona,Pamplona,18708.53,16892.79,1815.739999999998,2025-09-23,2025-11-03,2025-09,2025
TP-2024-0161,Trabajo 161 - Barañain,Pendiente,RED-MT-01,Trabajos Programados,TP,CT-001,ATASCO,Navarra,Cuenca de Pamplona,Barañain,8309.98,0.0,8309.98,2024-05-03,,2024-05,2024
GF-2024-0170,Trabajo 170 - Sin municipio,Pendiente,RED-MT-01,Garantía y Fallos,GF,CT-005,ATASCO,Gipuzkoa,Urola Kosta,Sin municipio,24510.85,0.0,24510.85,2024-01-20,,2024-01,2024
TP-2024-0172,Trabajo 172 - Sin municipio,En curso,RED-MT-01,Trabajos Programados,TP,CT-005,ATASCO,Barcelona,Baix Llobregat,Sin municipio,3041.8,1636.76,1405.0400000000002,2024-07-02,,2024-07,2024
TP-2025-0180,Trabajo 180 - Terrassa,Finalizado,RED-MT-01,Trabajos Programados,TP,CT-002,ATASCO,Barcelona,Vallès Occidental,Terrassa,18562.75,16880.3,1682.4500000000007,2025-09-17,2025-10-21,2025-09,2025
TP-2024-0193,Trabajo 193 - Sin municipio,Finalizado,RED-MT-01,Trabajos Programados,TP,CT-005,FUGA,Girona,La Selva,Sin municipio,24211.72,24367.36,-155.63999999999942,2024-05-24,2024-07-13,2024-05,2024
GF-2024-0199,Trabajo 199 - Vitoria-Gasteiz,En curso,RED-MT-01,Garantía y Fallos,GF,CT-001,FUGA,Álava,Cuadrilla de Vitoria,Vitoria-Gasteiz,39795.08,16108.35,23686.730000000003,2024-01-11,,2024-01,2024
